Se_SP_haquantosanos,QtCirColuna,Trabalho_Cansativo,Licenca_Tempo,Tempo_dor_costas,Tempo_dor_pernas,Andar_velocidade,Dor_costas_VAS,Dor_pernas_VAS,IDADE,BPI_3_v1,BPI_4_v1,BPI_5_v1,BPI_6_v1,BPI_8_v1,BPI_9a_v1,BPI_9b_v1,BPI_9c_v1,BPI_9d_v1,BPI_9e_v1,BPI_9f_v1,BPI_9g_v1
23,NA,3,NA,0,0,4,0,0,52,0,0,0,0,,0,0,0,0,0,0,0
NA,NA,0,NA,3,0,4,6,0,35,6,0,1,6,60,0,8,0,6,6,3,6
NA,3,0,1,4,4,1,10,10,35,10,10,10,10,10,10,10,9,10,10,10,10
30,1,0,NA,4,0,1,4,0,78,4,0,4,4,30,3,0,10,0,0,10,1
12,0,3,NA,4,0,4,7,0,48,8,3,5,7,80,7,8,0,7,0,4,8
NA,0,1,NA,1,0,4,0,0,42,0,0,0,0,,0,0,0,0,0,0,0
NA,NA,0,NA,2,0,4,2,0,40,4,2,5,2,70,0,0,0,0,0,0,7
NA,2,0,2,4,0,2,5,0,62,7,5,3,5,50,8,8,7,10,6,6,4
NA,NA,0,NA,0,0,1,3,0,24,3,3,2,3,10,1,1,1,1,3,4,2
NA,NA,4,NA,3,0,1,0,0,38,10,5,5,0,0,10,10,0,10,10,7,10
NA,2,0,NA,4,4,1,8,7,51,8,4,5,8,60,7,0,10,10,5,10,0
NA,1,0,NA,4,4,1,1,10,42,10,10,10,1,60,10,10,10,10,9,10,10
NA,1,1,NA,3,3,1,0,0,59,0,0,0,0,40,10,10,10,0,10,10,10
NA,1,4,NA,3,3,3,6,7,56,9,7,7,6,20,8,5,2,5,5,9,6
NA,NA,0,NA,0,0,4,0,0,56,0,0,0,0,,0,0,0,0,0,0,0
40,NA,0,NA,4,0,2,6,0,78,7,2,4,6,,8,4,5,10,4,4,4
13,NA,0,NA,4,0,3,8,0,69,10,3,8,8,30,5,5,5,5,5,5,5
NA,NA,0,NA,2,0,1,0,7,61,10,2,8,0,10,10,10,10,10,10,10,10
6,NA,0,NA,2,0,4,8,0,37,8,5,10,8,20,4,4,4,4,4,4,4
NA,NA,0,NA,0,0,4,0,0,75,0,0,0,0,,0,0,0,0,0,0,0
NA,NA,0,NA,0,0,4,0,0,60,0,0,0,0,,0,0,0,0,0,0,0
NA,NA,3,NA,0,0,4,0,0,36,0,0,0,0,,0,0,0,0,0,0,0
NA,NA,3,NA,0,0,4,0,0,53,0,0,0,0,,0,0,0,0,0,0,0
NA,NA,0,NA,3,3,3,7,8,39,6,5,6,7,100,10,10,8,10,10,10,8
NA,NA,3,NA,0,0,4,0,0,31,0,0,0,0,,0,0,0,0,0,0,0
NA,NA,0,NA,2,2,2,6,7,69,9,4,3,6,70,6,10,8,5,9,5,3
NA,NA,0,NA,0,4,3,0,5,81,10,5,5,0,20,10,10,10,10,10,10,10
NA,NA,0,NA,3,3,2,8,8,35,10,5,5,8,,10,7,3,10,6,8,7
NA,1,0,NA,0,0,4,0,0,48,0,0,0,0,,0,0,0,0,0,0,0
15,1,2,NA,3,0,3,7,0,57,7,0,2,0,80,10,10,10,8,7,2,5
NA,NA,2,NA,2,0,4,6,0,60,10,10,10,0,50,10,10,10,10,10,10,10
5,NA,0,NA,0,0,4,4,0,32,4,6,4,0,40,6,5,4,3,5,3,2
NA,NA,0,NA,0,0,3,0,6,42,6,6,6,0,90,10,10,10,10,10,10,10
NA,2,3,NA,2,2,2,8,8,50,7,7,7,8,10,8,8,8,8,0,0,0
NA,NA,3,NA,0,0,4,0,0,40,0,0,0,0,,0,0,0,0,0,0,0
8,1,0,NA,0,2,3,3,0,57,8,6,6,3,20,8,5,6,0,0,5,0
NA,3,0,10,2,2,2,8,8,40,9,7,5,8,30,7,7,7,7,7,7,7
4,1,0,NA,0,0,4,0,0,27,0,0,0,0,,0,0,0,0,0,0,0
NA,2,4,NA,4,4,4,10,5,59,10,1,5,10,80,8,9,10,9,7,4,5
NA,1,1,NA,4,4,3,6,6,39,4,1,6,6,50,10,10,0,10,6,6,7
NA,1,0,NA,4,4,2,0,8,43,8,5,8,0,,8,5,0,0,5,9,0
NA,NA,3,NA,0,0,4,0,0,31,0,0,0,0,,0,0,0,0,0,0,0
NA,NA,0,NA,4,4,1,7,7,89,9,2,3,7,30,3,3,4,5,4,9,5
NA,NA,4,NA,2,2,2,4,7,35,7,8,8,4,10,8,7,7,7,7,5,6
NA,NA,0,NA,2,2,2,2,2,40,9,8,7,2,40,5,5,5,5,6,5,6
NA,NA,NA,NA,2,2,2,0,10,57,10,6,7,0,10,7,8,8,8,8,8,7
NA,NA,0,NA,4,4,2,6,6,61,6,5,5,6,10,6,7,6,6,5,5,5
NA,NA,NA,NA,NA,NA,NA,NA,NA,61,,,,,,,,,,,,
NA,NA,4,NA,3,0,1,8,0,45,9,6,8,8,10,7,10,0,10,10,10,9
NA,2,0,0,1,1,2,2,0,30,2,0,0,2,100,2,1,1,2,3,0,0
NA,2,0,NA,4,4,2,7,8,48,8,6,7,7,80,3,4,3,2,3,3,3
NA,NA,0,10,4,0,2,7,0,55,7,3,7,7,80,7,8,9,7,6,5,7
NA,2,0,NA,4,4,3,10,10,62,10,6,5,10,30,9,9,9,10,8,8,8
20,NA,4,NA,2,2,3,7,0,31,7,7,7,7,20,9,7,7,9,8,8,8
NA,NA,0,NA,2,0,3,NA,NA,32,,,,,,,,,,,,
NA,2,0,NA,2,0,2,5,0,64,9,3,7,5,50,9,6,10,6,2,2,2
63,NA,0,NA,4,4,1,0,7,79,6,6,6,0,30,2,2,2,3,2,4,0
NA,NA,0,NA,1,1,4,0,0,35,0,0,0,0,,0,0,0,0,0,0,0
NA,NA,2,NA,0,0,4,0,0,39,0,0,0,0,,0,0,0,0,0,0,0
NA,NA,0,NA,4,4,2,6,0,62,8,7,7,6,20,3,4,5,4,3,4,3
NA,NA,2,NA,2,0,2,2,0,58,8,2,7,2,10,2,2,1,1,1,1,1
NA,NA,0,NA,0,0,2,NA,NA,72,,,,,,,,,,,,
10,NA,4,NA,2,2,2,10,10,59,8,8,8,10,20,2,4,4,6,5,3,3
NA,2,0,NA,3,3,4,2,0,43,5,2,3,2,100,0,0,0,0,0,0,0
NA,NA,NA,NA,NA,NA,NA,NA,NA,57,,,,,,,,,,,,
NA,4,0,NA,2,2,2,5,5,46,5,5,5,5,60,2,2,2,2,2,2,2
NA,NA,0,NA,3,3,1,9,10,46,10,10,10,9,10,10,10,10,10,10,10,10
NA,1,0,NA,4,4,1,8,8,59,8,4,4,8,100,6,3,6,3,3,3,3
NA,1,4,NA,4,4,3,2,1,36,4,0,2,2,100,0,0,0,0,0,0,0
NA,NA,4,NA,2,2,1,1,0,64,4,0,2,1,100,0,0,7,0,0,0,0
NA,1,3,NA,2,2,3,1,1,36,1,1,1,1,100,0,0,0,0,0,0,0
NA,0,0,NA,2,0,1,3,0,47,0,0,0,3,,0,0,0,0,0,0,0
NA,NA,0,NA,4,4,2,0,0,38,0,0,0,0,100,0,0,0,0,0,0,0
NA,NA,0,NA,1,1,4,0,0,41,0,0,0,0,100,0,0,0,0,0,0,0
NA,1,2,NA,4,4,4,0,0,45,0,0,0,0,100,0,0,0,0,0,0,0
NA,NA,0,NA,2,1,2,3,3,46,5,4,3,3,70,2,2,2,2,2,2,2
NA,NA,0,NA,4,4,2,6,5,72,4,4,5,6,60,2,4,2,1,2,1,2
NA,3,0,NA,4,4,1,4,4,46,5,2,4,4,50,7,7,5,6,7,4,5
NA,NA,4,NA,2,2,2,6,0,36,9,0,5,6,90,7,9,7,7,9,0,7
NA,1,3,NA,2,2,1,4,5,31,3,4,5,4,30,2,3,4,3,2,0,0
NA,NA,3,NA,2,0,4,10,0,31,4,2,3,10,20,5,5,5,5,5,5,5
NA,NA,0,NA,2,0,2,5,0,85,6,3,3,5,50,2,1,2,2,2,1,1
NA,NA,2,NA,2,0,4,1,0,34,1,1,1,1,100,0,0,0,0,0,0,0
NA,NA,3,NA,4,0,1,8,0,60,9,6,6,8,10,8,9,9,10,7,10,9
NA,NA,3,NA,4,4,2,6,0,40,6,6,6,6,20,3,3,3,3,3,3,3
NA,1,0,NA,0,0,4,0,0,72,0,0,0,0,,0,0,0,0,0,0,0
NA,1,0,NA,3,0,1,0,0,71,0,0,0,0,,0,0,0,0,0,0,0
NA,NA,0,NA,4,1,2,4,0,61,5,4,3,4,30,0,0,0,0,0,0,0
NA,NA,NA,NA,NA,NA,NA,NA,NA,45,0,0,0,0,60,0,0,0,0,0,0,0
NA,NA,3,NA,2,0,2,8,0,49,0,0,0,8,50,0,0,0,0,0,0,0
NA,1,0,NA,4,4,2,3,0,NA,3,3,3,3,80,0,0,0,0,0,0,0
NA,NA,0,NA,0,0,4,0,0,64,0,0,0,0,,0,0,0,0,0,0,0
NA,NA,3,NA,2,0,2,6,0,29,6,5,4,6,30,2,1,2,0,0,0,0
NA,3,0,NA,4,4,2,6,6,36,6,6,6,6,40,3,5,4,3,4,3,2
NA,NA,0,NA,2,2,2,6,5,55,6,4,5,6,50,,,,,,,
47,NA,0,NA,2,2,2,7,7,52,7,4,5,7,40,,,,,,,
NA,NA,0,NA,4,0,1,6,0,51,10,0,6,6,80,10,8,9,9,8,7,7
NA,1,0,NA,4,4,2,6,6,55,8,4,3,6,50,2,2,2,0,0,0,0
30,NA,0,NA,4,0,2,4,0,55,5,1,2,4,70,0,0,0,0,0,0,0
NA,NA,0,NA,0,0,0,0,0,68,0,0,0,0,,0,0,0,0,0,0,0
NA,NA,0,NA,2,2,1,10,10,37,10,10,10,10,20,7,7,2,6,8,9,6
NA,1,3,NA,4,4,3,5,0,43,5,3,2,5,50,0,0,0,0,1,0,1
NA,1,4,NA,4,2,1,0,8,59,0,0,0,0,,0,0,0,0,0,0,0
NA,NA,3,NA,3,3,1,2,7,54,4,1,1,2,80,0,0,0,0,0,0,0
NA,1,3,NA,4,0,4,7,0,34,10,5,5,7,90,0,0,0,0,0,0,0
50,NA,0,NA,4,4,3,4,4,70,6,4,6,4,40,0,3,0,0,3,0,0
NA,NA,0,NA,4,4,3,7,5,38,6,6,6,7,80,0,0,0,0,0,0,0
NA,NA,0,NA,NA,NA,NA,NA,NA,68,0,0,0,0,,0,0,0,0,0,0,0
NA,1,4,NA,4,4,2,10,9,58,10,10,10,10,10,9,9,5,7,8,9,9
NA,NA,1,NA,4,4,2,8,8,63,7,3,4,8,20,5,6,7,5,7,9,8
NA,1,2,NA,4,4,4,0,0,30,0,0,0,0,,0,0,0,0,0,0,0
NA,NA,4,NA,4,4,2,7,10,52,7,4,5,7,30,4,3,3,2,2,2,2
NA,NA,1,NA,3,3,2,0,3,53,0,0,0,0,,0,0,0,0,0,0,0
NA,NA,3,NA,4,4,2,10,8,45,10,9,8,10,10,2,3,9,9,9,8,4
60,NA,2,NA,4,4,1,NA,NA,79,0,0,0,0,,0,0,0,0,0,0,0
20,1,0,1.6,3,3,1,8,6,39,7,7,7,8,20,2,2,2,2,2,2,2
NA,NA,3,NA,NA,NA,NA,NA,NA,24,0,0,0,0,,0,0,0,0,0,0,0
NA,1,0,NA,4,0,1,7,0,81,9,4,7,7,30,2,1,1,2,2,3,6
NA,4,0,NA,4,4,1,10,10,65,10,10,10,10,,10,10,10,10,10,10,10
NA,NA,3,NA,4,4,4,3,0,49,6,2,3,3,100,0,0,0,0,0,0,0
8,4,0,NA,4,0,NA,7,0,67,8,6,5,7,,,,,,,,
NA,NA,2,NA,2,2,1,8,8,77,8,8,8,8,20,8,8,8,9,7,9,8
NA,NA,3,NA,4,4,3,8,7,65,8,8,8,8,30,7,7,8,7,8,8,8
NA,1,0,NA,4,4,1,10,8,41,10,10,10,10,0,10,10,10,10,10,10,10
NA,1,4,NA,4,0,2,10,0,54,10,10,10,10,0,10,10,10,10,10,10,10
30,NA,4,NA,2,2,2,8,9,57,10,4,6,8,40,1,3,2,0,3,0,0
48,NA,0,NA,1,0,NA,4,5,73,5,1,5,4,70,1,0,0,2,0,0,0
30,NA,0,NA,0,0,4,0,0,64,0,0,0,0,,0,0,0,0,0,0,0
NA,NA,0,NA,4,0,2,8,8,52,9,4,7,8,40,1,1,2,0,1,0,0
NA,1,1,NA,4,4,0,3,0,42,5,3,2,3,70,1,0,2,1,0,0,1
4,NA,0,NA,2,0,3,8,0,22,10,2,5,8,30,1,0,0,2,1,1,0
46,NA,3,NA,2,2,2,7,0,51,9,6,7,7,50,1,1,1,1,1,1,0
NA,1,3,NA,4,4,2,0,0,42,0,0,0,0,,0,0,0,0,0,0,0
NA,NA,3,NA,2,2,4,0,0,48,0,0,0,0,,0,0,0,0,0,0,0
NA,0,2,NA,0,4,2,0,NA,52,8,8,8,,,,,,,,,
NA,1,1,NA,1,1,1,0,0,72,8,0,4,5,20,8,8,9,1,4,8,7
36,0,NA,NA,2,4,NA,6,3,49,5,5,5,,10,10,10,0,10,10,7,10
NA,NA,NA,NA,NA,NA,NA,NA,NA,72,10,10,10,,20,7,0,10,10,5,10,0
NA,NA,NA,NA,NA,NA,NA,NA,NA,67,8,4,4,,10,10,10,10,10,9,10,10
NA,4,NA,NA,NA,NA,NA,0,0,42,4,0,2,,10,10,10,10,0,10,10,10
NA,0,NA,NA,4,0,NA,9,0,23,4,0,2,,20,8,5,2,5,5,9,6
NA,1,NA,NA,NA,NA,NA,NA,0,54,1,1,1,,,0,0,0,0,0,0,0
NA,1,NA,NA,NA,NA,NA,4,6,49,0,0,0,,20,8,4,5,10,4,4,4
NA,0,NA,NA,NA,NA,NA,0,0,28,0,0,0,,50,5,5,5,5,5,5,5
NA,0,NA,NA,NA,NA,NA,0,0,35,0,0,0,,10,8,8,8,9,7,9,8
NA,4,NA,NA,NA,NA,NA,NA,0,81,0,0,0,,30,7,7,8,7,8,8,8
NA,3,NA,NA,NA,NA,NA,NA,0,43,5,4,3,,10,10,10,10,10,10,10,10
NA,0,NA,NA,NA,NA,NA,NA,0,35,4,4,5,,10,10,10,10,10,10,10,10
NA,0,NA,NA,NA,NA,NA,NA,0,37,5,2,4,,90,1,3,2,0,3,0,0
NA,0,NA,NA,NA,NA,NA,NA,0,24,9,0,5,,90,1,0,0,2,0,0,0
NA,0,NA,NA,NA,NA,NA,NA,0,64,3,4,5,,,0,0,0,0,0,0,0
NA,0,NA,NA,NA,NA,NA,NA,0,54,4,2,3,,90,1,1,2,0,1,0,0
NA,0,NA,NA,NA,NA,NA,NA,0,52,6,3,3,,90,1,0,2,1,0,0,1
NA,0,NA,NA,NA,NA,NA,NA,0,41,1,1,1,,,0,3,0,0,3,0,0
NA,0,NA,NA,NA,NA,NA,NA,0,51,9,6,6,,,0,0,0,0,0,0,0
NA,0,NA,NA,NA,NA,NA,NA,NA,73,6,6,6,,,0,0,0,0,0,0,0
NA,0,NA,NA,NA,NA,NA,NA,0,39,0,0,0,,10,9,9,5,7,8,9,9
NA,0,NA,NA,NA,NA,NA,NA,NA,57,0,0,0,,40,5,6,7,5,7,9,8
NA,0,NA,NA,NA,NA,NA,NA,0,39,5,4,3,,,0,0,0,0,0,0,0
NA,0,NA,NA,NA,NA,NA,0,0,39,0,0,0,,80,4,3,3,2,2,2,2
NA,0,NA,NA,NA,NA,NA,NA,NA,70,0,0,0,,,0,0,0,0,0,0,0
NA,0,NA,NA,NA,NA,NA,0,0,46,3,3,3,,80,2,3,9,9,9,8,4
NA,0,NA,NA,NA,NA,NA,0,0,29,0,0,0,,,0,0,0,0,0,0,0
NA,1,NA,NA,NA,NA,NA,NA,0,24,6,5,4,,70,7,7,5,6,7,4,5
NA,1,NA,NA,NA,NA,NA,0,0,26,6,6,6,,70,7,9,7,7,9,0,7
NA,2,NA,NA,NA,NA,NA,NA,0,59,6,4,5,,80,2,3,4,3,2,0,0
NA,1,NA,NA,NA,NA,NA,0,5,46,7,4,5,,50,5,5,5,5,5,5,5
NA,0,NA,NA,NA,NA,NA,0,0,55,10,0,6,,80,2,1,2,2,2,1,1
NA,0,NA,NA,NA,NA,NA,0,0,39,8,4,3,,,0,0,0,0,0,0,0
NA,0,NA,NA,NA,NA,NA,0,0,30,5,1,2,,20,8,9,9,10,7,10,9
NA,0,NA,NA,NA,NA,NA,0,0,62,0,0,0,,60,3,3,3,3,3,3,3
NA,1,NA,NA,4,NA,NA,NA,0,66,10,10,10,,,0,0,0,0,0,0,0
NA,0,NA,NA,NA,NA,NA,0,0,59,5,3,2,,,0,0,0,0,0,0,0
NA,0,NA,NA,NA,NA,NA,NA,0,40,0,0,0,,20,8,4,5,10,4,4,4
NA,0,NA,NA,NA,NA,3,NA,0,31,4,1,1,,50,5,5,5,5,5,5,5
NA,0,NA,NA,NA,NA,NA,0,0,30,10,5,5,,40,8,8,8,9,7,9,8
NA,1,NA,NA,NA,NA,NA,NA,NA,45,6,4,6,,30,7,7,8,7,8,8,8
NA,0,NA,NA,NA,NA,3,NA,0,48,6,6,6,,10,10,10,10,10,10,10,10
NA,0,NA,NA,NA,NA,NA,0,0,47,0,0,0,,,10,10,10,10,10,10,10
NA,1,NA,NA,NA,NA,3,0,0,38,10,10,10,,100,1,3,2,0,3,0,0
NA,0,NA,NA,NA,NA,NA,0,0,72,7,3,4,,100,1,0,0,2,0,0,0
NA,1,NA,NA,NA,NA,NA,0,0,62,0,0,0,,,0,0,0,0,0,0,0
NA,0,NA,NA,NA,NA,NA,3,0,21,7,4,5,,90,1,1,2,0,1,0,0
NA,0,NA,NA,NA,NA,NA,0,0,52,0,0,0,,100,1,0,2,1,0,0,1
NA,0,NA,NA,NA,NA,NA,0,0,29,10,9,8,,,0,3,0,0,3,0,0
NA,2,NA,NA,NA,NA,NA,0,0,31,0,0,0,,,0,0,0,0,0,0,0
NA,5,NA,NA,NA,NA,NA,7,8,36,7,7,7,,,0,0,0,0,0,0,0
NA,2,NA,NA,NA,NA,NA,5,7,55,0,0,0,,10,9,9,5,7,8,9,9
NA,0,NA,NA,NA,NA,NA,0,0,47,9,4,7,,40,5,6,7,5,7,9,8
NA,0,NA,NA,NA,NA,NA,0,0,55,10,10,10,,10,10,10,10,10,10,10,10
NA,0,NA,NA,NA,NA,NA,0,0,46,6,2,3,,40,6,3,6,3,3,3,3
NA,0,NA,NA,NA,NA,NA,0,0,59,8,6,5,,,0,0,0,0,0,0,0
NA,1,NA,NA,NA,NA,NA,0,0,58,8,8,8,,,0,0,7,0,0,0,0
NA,0,NA,NA,NA,NA,NA,0,0,49,8,8,8,,,0,0,0,0,0,0,0
NA,0,NA,NA,NA,NA,3,0,0,38,10,10,10,,,0,0,0,0,0,0,0
NA,1,NA,NA,NA,NA,NA,NA,NA,64,10,10,10,,,0,0,0,0,0,0,0
NA,NA,NA,NA,NA,NA,NA,NA,NA,34,10,4,6,,,0,0,0,0,0,0,0
NA,NA,NA,NA,NA,NA,NA,NA,NA,64,5,1,5,,,0,0,0,0,0,0,0
NA,NA,NA,NA,NA,NA,NA,NA,NA,42,0,0,0,,80,2,2,2,2,2,2,2
NA,NA,NA,NA,NA,NA,NA,NA,NA,69,9,4,7,,90,2,4,2,1,2,1,2
NA,NA,NA,NA,NA,NA,NA,NA,NA,67,5,3,2,,30,7,7,5,6,7,4,5
NA,NA,NA,NA,NA,2,NA,NA,5,30,10,2,5,,40,7,9,7,7,9,0,7
NA,2,NA,NA,NA,NA,NA,NA,NA,59,9,6,7,,20,2,3,4,3,2,0,0
NA,1,NA,NA,NA,NA,NA,NA,7,NA,0,0,0,,40,5,5,5,5,5,5,5
NA,NA,0,NA,NA,NA,2,6,6,NA,0,0,0,,20,2,1,2,2,2,1,1
NA,1,0,NA,2,0,4,7,0,NA,0,0,0,,,0,0,0,0,0,0,0
NA,0,0,NA,NA,NA,NA,10,0,NA,7,4,5,,10,8,9,9,10,7,10,9
NA,2,0,NA,4,0,NA,NA,0,NA,0,0,0,,30,3,3,3,3,3,3,3
NA,2,NA,NA,4,0,NA,7,0,NA,10,9,8,,,0,0,0,0,0,0,0
NA,3,0,NA,NA,NA,NA,4,0,NA,0,0,0,,,0,0,0,0,0,0,0
NA,1,NA,NA,NA,NA,NA,8,NA,NA,7,7,7,,,0,0,0,0,0,0,0
NA,0,0,NA,NA,NA,NA,4,0,NA,0,0,0,,,0,0,0,0,0,0,0
NA,0,NA,NA,NA,NA,NA,0,0,NA,9,4,7,,,0,0,0,0,0,0,0
NA,0,NA,NA,NA,NA,NA,NA,NA,NA,10,10,10,,30,7,7,8,7,8,8,8
NA,0,0,NA,4,0,NA,NA,0,NA,6,2,3,,10,10,10,10,10,10,10,10
NA,0,NA,NA,4,0,NA,5,0,NA,8,6,5,,20,10,10,10,10,10,10,10
NA,1,NA,NA,NA,NA,NA,NA,NA,NA,8,8,8,,10,1,3,2,0,3,0,0
NA,0,NA,NA,NA,NA,NA,8,0,NA,8,8,8,,90,1,0,0,2,0,0,0
NA,0,NA,NA,NA,NA,NA,NA,NA,NA,10,10,10,,,0,0,0,0,0,0,0
NA,0,NA,NA,NA,NA,NA,6,0,NA,10,10,10,,100,1,1,2,0,1,0,0
NA,0,NA,NA,NA,NA,NA,0,0,NA,10,4,6,,100,1,0,2,1,0,0,1
NA,0,NA,NA,NA,NA,NA,6,0,NA,5,1,5,,,0,3,0,0,3,0,0
NA,1,NA,NA,NA,NA,NA,NA,NA,NA,0,0,0,,,0,0,0,0,0,0,0
NA,0,NA,NA,NA,NA,NA,NA,NA,NA,0,0,0,,,0,0,0,0,0,0,0
NA,0,NA,NA,NA,NA,NA,NA,NA,NA,9,4,7,,10,9,9,5,7,8,9,9
NA,0,NA,NA,4,NA,NA,NA,NA,NA,10,10,10,,40,5,6,7,5,7,9,8
NA,0,NA,NA,NA,NA,NA,2,0,NA,6,2,3,,,0,0,0,0,0,0,0
NA,0,NA,NA,4,4,NA,NA,NA,NA,8,6,5,,50,4,3,3,2,2,2,2
NA,0,NA,NA,NA,NA,NA,NA,NA,NA,8,8,8,,,0,0,0,0,0,0,0
NA,0,NA,NA,NA,NA,NA,NA,NA,NA,8,8,8,,,0,0,0,0,0,0,0
NA,0,NA,NA,NA,NA,NA,NA,NA,NA,10,10,10,,20,10,10,8,10,10,10,8
NA,0,NA,NA,NA,NA,NA,8,0,NA,10,10,10,,,0,0,0,0,0,0,0
NA,0,NA,NA,NA,NA,NA,10,10,NA,10,4,6,,20,6,10,8,5,9,5,3
NA,0,NA,NA,NA,NA,NA,NA,NA,NA,5,1,5,,,10,10,10,10,10,10,10
NA,0,NA,NA,NA,NA,NA,NA,NA,NA,0,0,0,,,10,7,3,10,6,8,7
NA,0,NA,NA,4,4,NA,NA,NA,NA,0,0,0,,,0,0,0,0,0,0,0
NA,0,NA,NA,NA,NA,NA,NA,NA,NA,10,10,10,,20,10,10,10,8,7,2,5
NA,0,NA,NA,NA,NA,NA,9,0,NA,5,3,2,,20,10,10,10,10,10,10,10
NA,0,NA,NA,NA,NA,NA,9,0,NA,0,0,0,,,6,5,4,3,5,3,2
NA,0,NA,NA,NA,NA,NA,0,0,NA,4,1,1,,,10,10,10,10,10,10,10
